N_MFCC,duration,step,augment,batch_size,accuracy,precision,recall,f1
13,2.0,1.0,"{'noise': (0.001, 0.01), 'pitch': (-1, 1), 'stretch': (0.95, 1.05)}",8,0.7463054187192119,0.7222222222222222,0.7486910994764397,0.7352185089974294
13,2.0,1.0,"{'noise': (0.001, 0.01), 'pitch': (-1, 1), 'stretch': (0.95, 1.05)}",16,0.7906403940886699,0.7523809523809524,0.8272251308900523,0.7880299251870324
13,2.0,1.0,"{'noise': (0.001, 0.01), 'pitch': (-1, 1), 'stretch': (0.95, 1.05)}",32,0.7832512315270936,0.7614213197969543,0.7853403141361257,0.7731958762886598
13,2.0,1.0,"{'noise': (0.001, 0.015), 'pitch': (-2, 2), 'stretch': (0.9, 1.1)}",8,0.7684729064039408,0.7389162561576355,0.7853403141361257,0.7614213197969543
13,2.0,1.0,"{'noise': (0.001, 0.015), 'pitch': (-2, 2), 'stretch': (0.9, 1.1)}",16,0.8054187192118226,0.7666666666666667,0.8429319371727748,0.8029925187032418
13,2.0,1.0,"{'noise': (0.001, 0.015), 'pitch': (-2, 2), 'stretch': (0.9, 1.1)}",32,0.7512315270935961,0.7472527472527473,0.7120418848167539,0.7292225201072386
13,2.0,1.0,"{'noise': (0.005, 0.02), 'pitch': (-3, 3), 'stretch': (0.85, 1.15)}",8,0.7487684729064039,0.7109004739336493,0.7853403141361257,0.746268656716418
13,2.0,1.0,"{'noise': (0.005, 0.02), 'pitch': (-3, 3), 'stretch': (0.85, 1.15)}",16,0.7192118226600985,0.6774193548387096,0.7696335078534031,0.7205882352941176
13,2.0,1.0,"{'noise': (0.005, 0.02), 'pitch': (-3, 3), 'stretch': (0.85, 1.15)}",32,0.7586206896551724,0.7540983606557377,0.7225130890052356,0.7379679144385026
13,2.0,1.0,None,8,0.8349753694581281,0.81,0.8481675392670157,0.8286445012787724
13,2.0,1.0,None,16,0.8571428571428571,0.8375634517766497,0.8638743455497382,0.8505154639175257
13,2.0,1.0,None,32,0.8620689655172413,0.8461538461538461,0.8638743455497382,0.8549222797927462
13,2.0,1.5,"{'noise': (0.001, 0.01), 'pitch': (-1, 1), 'stretch': (0.95, 1.05)}",8,0.7410071942446043,0.7006802721088435,0.7862595419847328,0.7410071942446043
13,2.0,1.5,"{'noise': (0.001, 0.01), 'pitch': (-1, 1), 'stretch': (0.95, 1.05)}",16,0.7482014388489209,0.7401574803149606,0.7175572519083969,0.7286821705426356
13,2.0,1.5,"{'noise': (0.001, 0.01), 'pitch': (-1, 1), 'stretch': (0.95, 1.05)}",32,0.802158273381295,0.7878787878787878,0.7938931297709924,0.7908745247148289
13,2.0,1.5,"{'noise': (0.001, 0.015), 'pitch': (-2, 2), 'stretch': (0.9, 1.1)}",8,0.7050359712230215,0.689922480620155,0.6793893129770993,0.6846153846153846
13,2.0,1.5,"{'noise': (0.001, 0.015), 'pitch': (-2, 2), 'stretch': (0.9, 1.1)}",16,0.7446043165467626,0.7380952380952381,0.7099236641221374,0.7237354085603113
13,2.0,1.5,"{'noise': (0.001, 0.015), 'pitch': (-2, 2), 'stretch': (0.9, 1.1)}",32,0.7482014388489209,0.7194244604316546,0.7633587786259542,0.7407407407407407
13,2.0,1.5,"{'noise': (0.005, 0.02), 'pitch': (-3, 3), 'stretch': (0.85, 1.15)}",8,0.6151079136690647,0.5845070422535211,0.6335877862595419,0.608058608058608
13,2.0,1.5,"{'noise': (0.005, 0.02), 'pitch': (-3, 3), 'stretch': (0.85, 1.15)}",16,0.7266187050359713,0.706766917293233,0.7175572519083969,0.7121212121212122
13,2.0,1.5,"{'noise': (0.005, 0.02), 'pitch': (-3, 3), 'stretch': (0.85, 1.15)}",32,0.697841726618705,0.6598639455782312,0.7404580152671756,0.697841726618705
13,2.0,1.5,None,8,0.8129496402877698,0.7925925925925926,0.816793893129771,0.8045112781954887
13,2.0,1.5,None,16,0.8381294964028777,0.8115942028985508,0.8549618320610687,0.8327137546468402
13,2.0,1.5,None,32,0.8129496402877698,0.7724137931034483,0.8549618320610687,0.8115942028985508
13,2.0,2.0,"{'noise': (0.001, 0.01), 'pitch': (-1, 1), 'stretch': (0.95, 1.05)}",8,0.772093023255814,0.7476635514018691,0.7843137254901961,0.7655502392344498
13,2.0,2.0,"{'noise': (0.001, 0.01), 'pitch': (-1, 1), 'stretch': (0.95, 1.05)}",16,0.7488372093023256,0.7068965517241379,0.803921568627451,0.7522935779816514
13,2.0,2.0,"{'noise': (0.001, 0.01), 'pitch': (-1, 1), 'stretch': (0.95, 1.05)}",32,0.7534883720930232,0.7378640776699029,0.7450980392156863,0.7414634146341463
13,2.0,2.0,"{'noise': (0.001, 0.015), 'pitch': (-2, 2), 'stretch': (0.9, 1.1)}",8,0.772093023255814,0.7431192660550459,0.7941176470588235,0.7677725118483413
13,2.0,2.0,"{'noise': (0.001, 0.015), 'pitch': (-2, 2), 'stretch': (0.9, 1.1)}",16,0.7395348837209302,0.7129629629629629,0.7549019607843137,0.7333333333333333
13,2.0,2.0,"{'noise': (0.001, 0.015), 'pitch': (-2, 2), 'stretch': (0.9, 1.1)}",32,0.7534883720930232,0.7207207207207207,0.7843137254901961,0.7511737089201878
13,2.0,2.0,"{'noise': (0.005, 0.02), 'pitch': (-3, 3), 'stretch': (0.85, 1.15)}",8,0.7302325581395349,0.7,0.7549019607843137,0.7264150943396226
13,2.0,2.0,"{'noise': (0.005, 0.02), 'pitch': (-3, 3), 'stretch': (0.85, 1.15)}",16,0.7209302325581395,0.6779661016949152,0.7843137254901961,0.7272727272727273
13,2.0,2.0,"{'noise': (0.005, 0.02), 'pitch': (-3, 3), 'stretch': (0.85, 1.15)}",32,0.7209302325581395,0.6981132075471698,0.7254901960784313,0.7115384615384616
13,2.0,2.0,None,8,0.7953488372093023,0.7685185185185185,0.8137254901960784,0.7904761904761904
13,2.0,2.0,None,16,0.813953488372093,0.7818181818181819,0.8431372549019608,0.8113207547169812
13,2.0,2.0,None,32,0.7953488372093023,0.7301587301587301,0.9019607843137255,0.8070175438596491
13,3.0,1.0,"{'noise': (0.001, 0.01), 'pitch': (-1, 1), 'stretch': (0.95, 1.05)}",8,0.783068783068783,0.768361581920904,0.768361581920904,0.768361581920904
13,3.0,1.0,"{'noise': (0.001, 0.01), 'pitch': (-1, 1), 'stretch': (0.95, 1.05)}",16,0.8068783068783069,0.7988505747126436,0.7853107344632768,0.792022792022792
13,3.0,1.0,"{'noise': (0.001, 0.01), 'pitch': (-1, 1), 'stretch': (0.95, 1.05)}",32,0.7698412698412699,0.734375,0.7966101694915254,0.7642276422764228
13,3.0,1.0,"{'noise': (0.001, 0.015), 'pitch': (-2, 2), 'stretch': (0.9, 1.1)}",8,0.7275132275132276,0.6813725490196079,0.7853107344632768,0.7296587926509186
13,3.0,1.0,"{'noise': (0.001, 0.015), 'pitch': (-2, 2), 'stretch': (0.9, 1.1)}",16,0.7354497354497355,0.7175141242937854,0.7175141242937854,0.7175141242937854
13,3.0,1.0,"{'noise': (0.001, 0.015), 'pitch': (-2, 2), 'stretch': (0.9, 1.1)}",32,0.7513227513227513,0.7292817679558011,0.7457627118644068,0.7374301675977654
13,3.0,1.0,"{'noise': (0.005, 0.02), 'pitch': (-3, 3), 'stretch': (0.85, 1.15)}",8,0.753968253968254,0.7210526315789474,0.7740112994350282,0.7465940054495913
13,3.0,1.0,"{'noise': (0.005, 0.02), 'pitch': (-3, 3), 'stretch': (0.85, 1.15)}",16,0.7195767195767195,0.6748768472906403,0.7740112994350282,0.7210526315789474
13,3.0,1.0,"{'noise': (0.005, 0.02), 'pitch': (-3, 3), 'stretch': (0.85, 1.15)}",32,0.7592592592592593,0.7311827956989247,0.768361581920904,0.7493112947658402
13,3.0,1.0,None,8,0.8227513227513228,0.7722772277227723,0.8813559322033898,0.8232189973614775
13,3.0,1.0,None,16,0.8333333333333334,0.8275862068965517,0.8135593220338984,0.8205128205128205
13,3.0,1.0,None,32,0.8359788359788359,0.8248587570621468,0.8248587570621468,0.8248587570621468
13,3.0,1.5,"{'noise': (0.001, 0.01), 'pitch': (-1, 1), 'stretch': (0.95, 1.05)}",8,0.7644787644787645,0.7293233082706767,0.7950819672131147,0.7607843137254902
13,3.0,1.5,"{'noise': (0.001, 0.01), 'pitch': (-1, 1), 'stretch': (0.95, 1.05)}",16,0.7760617760617761,0.7388059701492538,0.8114754098360656,0.7734375
13,3.0,1.5,"{'noise': (0.001, 0.01), 'pitch': (-1, 1), 'stretch': (0.95, 1.05)}",32,0.7335907335907336,0.6906474820143885,0.7868852459016393,0.735632183908046
13,3.0,1.5,"{'noise': (0.001, 0.015), 'pitch': (-2, 2), 'stretch': (0.9, 1.1)}",8,0.6988416988416989,0.664179104477612,0.7295081967213115,0.6953125
13,3.0,1.5,"{'noise': (0.001, 0.015), 'pitch': (-2, 2), 'stretch': (0.9, 1.1)}",16,0.7297297297297297,0.7063492063492064,0.7295081967213115,0.717741935483871
13,3.0,1.5,"{'noise': (0.001, 0.015), 'pitch': (-2, 2), 'stretch': (0.9, 1.1)}",32,0.7335907335907336,0.7154471544715447,0.7213114754098361,0.7183673469387755
13,3.0,1.5,"{'noise': (0.005, 0.02), 'pitch': (-3, 3), 'stretch': (0.85, 1.15)}",8,0.6563706563706564,0.632,0.6475409836065574,0.6396761133603239
13,3.0,1.5,"{'noise': (0.005, 0.02), 'pitch': (-3, 3), 'stretch': (0.85, 1.15)}",16,0.7374517374517374,0.725,0.7131147540983607,0.71900826446281
13,3.0,1.5,"{'noise': (0.005, 0.02), 'pitch': (-3, 3), 'stretch': (0.85, 1.15)}",32,0.6911196911196911,0.6810344827586207,0.6475409836065574,0.6638655462184874
13,3.0,1.5,None,8,0.8185328185328186,0.7862595419847328,0.8442622950819673,0.8142292490118577
13,3.0,1.5,None,16,0.7876447876447876,0.7768595041322314,0.7704918032786885,0.7736625514403292
13,3.0,1.5,None,32,0.7876447876447876,0.7768595041322314,0.7704918032786885,0.7736625514403292
13,3.0,2.0,"{'noise': (0.001, 0.01), 'pitch': (-1, 1), 'stretch': (0.95, 1.05)}",8,0.7761194029850746,0.7551020408163265,0.7789473684210526,0.7668393782383419
13,3.0,2.0,"{'noise': (0.001, 0.01), 'pitch': (-1, 1), 'stretch': (0.95, 1.05)}",16,0.8109452736318408,0.8,0.8,0.8
13,3.0,2.0,"{'noise': (0.001, 0.01), 'pitch': (-1, 1), 'stretch': (0.95, 1.05)}",32,0.7860696517412935,0.76,0.8,0.7794871794871795
13,3.0,2.0,"{'noise': (0.001, 0.015), 'pitch': (-2, 2), 'stretch': (0.9, 1.1)}",8,0.7313432835820896,0.7204301075268817,0.7052631578947368,0.7127659574468085
13,3.0,2.0,"{'noise': (0.001, 0.015), 'pitch': (-2, 2), 'stretch': (0.9, 1.1)}",16,0.7213930348258707,0.6822429906542056,0.7684210526315789,0.7227722772277227
13,3.0,2.0,"{'noise': (0.001, 0.015), 'pitch': (-2, 2), 'stretch': (0.9, 1.1)}",32,0.7014925373134329,0.7058823529411765,0.631578947368421,0.6666666666666666
13,3.0,2.0,"{'noise': (0.005, 0.02), 'pitch': (-3, 3), 'stretch': (0.85, 1.15)}",8,0.7014925373134329,0.6521739130434783,0.7894736842105263,0.7142857142857143
13,3.0,2.0,"{'noise': (0.005, 0.02), 'pitch': (-3, 3), 'stretch': (0.85, 1.15)}",16,0.7064676616915423,0.6607142857142857,0.7789473684210526,0.714975845410628
13,3.0,2.0,"{'noise': (0.005, 0.02), 'pitch': (-3, 3), 'stretch': (0.85, 1.15)}",32,0.746268656716418,0.7037037037037037,0.8,0.7487684729064039
13,3.0,2.0,None,8,0.8109452736318408,0.7766990291262136,0.8421052631578947,0.8080808080808081
13,3.0,2.0,None,16,0.7860696517412935,0.7280701754385965,0.8736842105263158,0.7942583732057417
13,3.0,2.0,None,32,0.8159203980099502,0.7788461538461539,0.8526315789473684,0.8140703517587939
13,4.0,1.0,"{'noise': (0.001, 0.01), 'pitch': (-1, 1), 'stretch': (0.95, 1.05)}",8,0.7329545454545454,0.6766169154228856,0.8242424242424242,0.7431693989071039
13,4.0,1.0,"{'noise': (0.001, 0.01), 'pitch': (-1, 1), 'stretch': (0.95, 1.05)}",16,0.7528409090909091,0.703125,0.8181818181818182,0.7563025210084033
13,4.0,1.0,"{'noise': (0.001, 0.01), 'pitch': (-1, 1), 'stretch': (0.95, 1.05)}",32,0.7755681818181818,0.7067307692307693,0.8909090909090909,0.7882037533512064
13,4.0,1.0,"{'noise': (0.001, 0.015), 'pitch': (-2, 2), 'stretch': (0.9, 1.1)}",8,0.7244318181818182,0.6888888888888889,0.7515151515151515,0.7188405797101449
13,4.0,1.0,"{'noise': (0.001, 0.015), 'pitch': (-2, 2), 'stretch': (0.9, 1.1)}",16,0.7329545454545454,0.6802030456852792,0.8121212121212121,0.7403314917127072
13,4.0,1.0,"{'noise': (0.001, 0.015), 'pitch': (-2, 2), 'stretch': (0.9, 1.1)}",32,0.7613636363636364,0.7120418848167539,0.8242424242424242,0.7640449438202247
13,4.0,1.0,"{'noise': (0.005, 0.02), 'pitch': (-3, 3), 'stretch': (0.85, 1.15)}",8,0.6789772727272727,0.6444444444444445,0.703030303030303,0.672463768115942
13,4.0,1.0,"{'noise': (0.005, 0.02), 'pitch': (-3, 3), 'stretch': (0.85, 1.15)}",16,0.6647727272727273,0.6180904522613065,0.7454545454545455,0.6758241758241759
13,4.0,1.0,"{'noise': (0.005, 0.02), 'pitch': (-3, 3), 'stretch': (0.85, 1.15)}",32,0.6732954545454546,0.6344086021505376,0.7151515151515152,0.6723646723646723
13,4.0,1.0,None,8,0.7926136363636364,0.7371134020618557,0.8666666666666667,0.7966573816155988
13,4.0,1.0,None,16,0.8125,0.7538461538461538,0.8909090909090909,0.8166666666666667
13,4.0,1.0,None,32,0.8068181818181818,0.7650273224043715,0.8484848484848485,0.8045977011494253
13,4.0,1.5,"{'noise': (0.001, 0.01), 'pitch': (-1, 1), 'stretch': (0.95, 1.05)}",8,0.7540983606557377,0.7165354330708661,0.7913043478260869,0.7520661157024794
13,4.0,1.5,"{'noise': (0.001, 0.01), 'pitch': (-1, 1), 'stretch': (0.95, 1.05)}",16,0.7827868852459017,0.7421875,0.8260869565217391,0.7818930041152263
13,4.0,1.5,"{'noise': (0.001, 0.01), 'pitch': (-1, 1), 'stretch': (0.95, 1.05)}",32,0.7295081967213115,0.689922480620155,0.7739130434782608,0.7295081967213115
13,4.0,1.5,"{'noise': (0.001, 0.015), 'pitch': (-2, 2), 'stretch': (0.9, 1.1)}",8,0.7090163934426229,0.6506849315068494,0.8260869565217391,0.7279693486590039
13,4.0,1.5,"{'noise': (0.001, 0.015), 'pitch': (-2, 2), 'stretch': (0.9, 1.1)}",16,0.7213114754098361,0.6766917293233082,0.782608695652174,0.7258064516129032
13,4.0,1.5,"{'noise': (0.001, 0.015), 'pitch': (-2, 2), 'stretch': (0.9, 1.1)}",32,0.7704918032786885,0.7322834645669292,0.808695652173913,0.768595041322314
13,4.0,1.5,"{'noise': (0.005, 0.02), 'pitch': (-3, 3), 'stretch': (0.85, 1.15)}",8,0.6311475409836066,0.6033057851239669,0.6347826086956522,0.6186440677966102
13,4.0,1.5,"{'noise': (0.005, 0.02), 'pitch': (-3, 3), 'stretch': (0.85, 1.15)}",16,0.6967213114754098,0.664,0.7217391304347827,0.6916666666666667
13,4.0,1.5,"{'noise': (0.005, 0.02), 'pitch': (-3, 3), 'stretch': (0.85, 1.15)}",32,0.6885245901639344,0.6511627906976745,0.7304347826086957,0.6885245901639344
13,4.0,1.5,None,8,0.7827868852459017,0.7279411764705882,0.8608695652173913,0.7888446215139442
13,4.0,1.5,None,16,0.8155737704918032,0.7611940298507462,0.8869565217391304,0.8192771084337349
13,4.0,1.5,None,32,0.7704918032786885,0.7251908396946565,0.8260869565217391,0.7723577235772358
13,4.0,2.0,"{'noise': (0.001, 0.01), 'pitch': (-1, 1), 'stretch': (0.95, 1.05)}",8,0.7287234042553191,0.7261904761904762,0.6853932584269663,0.7052023121387283
13,4.0,2.0,"{'noise': (0.001, 0.01), 'pitch': (-1, 1), 'stretch': (0.95, 1.05)}",16,0.7180851063829787,0.7093023255813954,0.6853932584269663,0.6971428571428572
13,4.0,2.0,"{'noise': (0.001, 0.01), 'pitch': (-1, 1), 'stretch': (0.95, 1.05)}",32,0.7393617021276596,0.7325581395348837,0.7078651685393258,0.72
13,4.0,2.0,"{'noise': (0.001, 0.015), 'pitch': (-2, 2), 'stretch': (0.9, 1.1)}",8,0.7127659574468085,0.6732673267326733,0.7640449438202247,0.7157894736842105
13,4.0,2.0,"{'noise': (0.001, 0.015), 'pitch': (-2, 2), 'stretch': (0.9, 1.1)}",16,0.6648936170212766,0.6354166666666666,0.6853932584269663,0.6594594594594595
13,4.0,2.0,"{'noise': (0.001, 0.015), 'pitch': (-2, 2), 'stretch': (0.9, 1.1)}",32,0.7287234042553191,0.7065217391304348,0.7303370786516854,0.7182320441988951
13,4.0,2.0,"{'noise': (0.005, 0.02), 'pitch': (-3, 3), 'stretch': (0.85, 1.15)}",8,0.6542553191489362,0.6071428571428571,0.7640449438202247,0.6766169154228856
13,4.0,2.0,"{'noise': (0.005, 0.02), 'pitch': (-3, 3), 'stretch': (0.85, 1.15)}",16,0.6808510638297872,0.6746987951807228,0.6292134831460674,0.6511627906976745
13,4.0,2.0,"{'noise': (0.005, 0.02), 'pitch': (-3, 3), 'stretch': (0.85, 1.15)}",32,0.6436170212765957,0.6,0.7415730337078652,0.6633165829145728
13,4.0,2.0,None,8,0.7712765957446809,0.7129629629629629,0.8651685393258427,0.7817258883248731
13,4.0,2.0,None,16,0.7606382978723404,0.7619047619047619,0.7191011235955056,0.7398843930635838
13,4.0,2.0,None,32,0.7127659574468085,0.6732673267326733,0.7640449438202247,0.7157894736842105
20,2.0,1.0,"{'noise': (0.001, 0.01), 'pitch': (-1, 1), 'stretch': (0.95, 1.05)}",8,0.8029556650246306,0.8,0.774869109947644,0.7872340425531915
20,2.0,1.0,"{'noise': (0.001, 0.01), 'pitch': (-1, 1), 'stretch': (0.95, 1.05)}",16,0.8078817733990148,0.775609756097561,0.8324607329842932,0.803030303030303
20,2.0,1.0,"{'noise': (0.001, 0.01), 'pitch': (-1, 1), 'stretch': (0.95, 1.05)}",32,0.7931034482758621,0.7743589743589744,0.7905759162303665,0.7823834196891192
20,2.0,1.0,"{'noise': (0.001, 0.015), 'pitch': (-2, 2), 'stretch': (0.9, 1.1)}",8,0.7463054187192119,0.7018348623853211,0.8010471204188482,0.7481662591687042
20,2.0,1.0,"{'noise': (0.001, 0.015), 'pitch': (-2, 2), 'stretch': (0.9, 1.1)}",16,0.7807881773399015,0.7628865979381443,0.774869109947644,0.7688311688311689
20,2.0,1.0,"{'noise': (0.001, 0.015), 'pitch': (-2, 2), 'stretch': (0.9, 1.1)}",32,0.8152709359605911,0.8020833333333334,0.806282722513089,0.804177545691906
20,2.0,1.0,"{'noise': (0.005, 0.02), 'pitch': (-3, 3), 'stretch': (0.85, 1.15)}",8,0.7216748768472906,0.7191011235955056,0.6701570680628273,0.6937669376693767
20,2.0,1.0,"{'noise': (0.005, 0.02), 'pitch': (-3, 3), 'stretch': (0.85, 1.15)}",16,0.7561576354679803,0.7473118279569892,0.7277486910994765,0.7374005305039788
20,2.0,1.0,"{'noise': (0.005, 0.02), 'pitch': (-3, 3), 'stretch': (0.85, 1.15)}",32,0.7881773399014779,0.7932960893854749,0.743455497382199,0.7675675675675676
20,2.0,1.0,None,8,0.8669950738916257,0.8341463414634146,0.8952879581151832,0.8636363636363636
20,2.0,1.0,None,16,0.8719211822660099,0.817351598173516,0.93717277486911,0.8731707317073171
20,2.0,1.0,None,32,0.8842364532019704,0.8495145631067961,0.9162303664921466,0.8816120906801007
20,2.0,1.5,"{'noise': (0.001, 0.01), 'pitch': (-1, 1), 'stretch': (0.95, 1.05)}",8,0.762589928057554,0.768595041322314,0.7099236641221374,0.7380952380952381
20,2.0,1.5,"{'noise': (0.001, 0.01), 'pitch': (-1, 1), 'stretch': (0.95, 1.05)}",16,0.7661870503597122,0.7844827586206896,0.6946564885496184,0.7368421052631579
20,2.0,1.5,"{'noise': (0.001, 0.01), 'pitch': (-1, 1), 'stretch': (0.95, 1.05)}",32,0.7517985611510791,0.7540983606557377,0.7022900763358778,0.7272727272727273
20,2.0,1.5,"{'noise': (0.001, 0.015), 'pitch': (-2, 2), 'stretch': (0.9, 1.1)}",8,0.7410071942446043,0.743801652892562,0.6870229007633588,0.7142857142857143
20,2.0,1.5,"{'noise': (0.001, 0.015), 'pitch': (-2, 2), 'stretch': (0.9, 1.1)}",16,0.6906474820143885,0.6595744680851063,0.7099236641221374,0.6838235294117647
20,2.0,1.5,"{'noise': (0.001, 0.015), 'pitch': (-2, 2), 'stretch': (0.9, 1.1)}",32,0.7266187050359713,0.706766917293233,0.7175572519083969,0.7121212121212122
20,2.0,1.5,"{'noise': (0.005, 0.02), 'pitch': (-3, 3), 'stretch': (0.85, 1.15)}",8,0.658273381294964,0.6343283582089553,0.648854961832061,0.6415094339622641
20,2.0,1.5,"{'noise': (0.005, 0.02), 'pitch': (-3, 3), 'stretch': (0.85, 1.15)}",16,0.658273381294964,0.6343283582089553,0.648854961832061,0.6415094339622641
20,2.0,1.5,"{'noise': (0.005, 0.02), 'pitch': (-3, 3), 'stretch': (0.85, 1.15)}",32,0.7050359712230215,0.6788321167883211,0.7099236641221374,0.6940298507462687
20,2.0,1.5,None,8,0.8201438848920863,0.7793103448275862,0.8625954198473282,0.8188405797101449
20,2.0,1.5,None,16,0.8057553956834532,0.781021897810219,0.816793893129771,0.7985074626865671
20,2.0,1.5,None,32,0.8309352517985612,0.8442622950819673,0.7862595419847328,0.8142292490118577
20,2.0,2.0,"{'noise': (0.001, 0.01), 'pitch': (-1, 1), 'stretch': (0.95, 1.05)}",8,0.7906976744186046,0.7614678899082569,0.8137254901960784,0.7867298578199052
20,2.0,2.0,"{'noise': (0.001, 0.01), 'pitch': (-1, 1), 'stretch': (0.95, 1.05)}",16,0.7813953488372093,0.7522935779816514,0.803921568627451,0.7772511848341233
20,2.0,2.0,"{'noise': (0.001, 0.01), 'pitch': (-1, 1), 'stretch': (0.95, 1.05)}",32,0.8093023255813954,0.7747747747747747,0.8431372549019608,0.8075117370892019
20,2.0,2.0,"{'noise': (0.001, 0.015), 'pitch': (-2, 2), 'stretch': (0.9, 1.1)}",8,0.7488372093023256,0.74,0.7254901960784313,0.7326732673267327
20,2.0,2.0,"{'noise': (0.001, 0.015), 'pitch': (-2, 2), 'stretch': (0.9, 1.1)}",16,0.7534883720930232,0.7333333333333333,0.7549019607843137,0.7439613526570048
20,2.0,2.0,"{'noise': (0.001, 0.015), 'pitch': (-2, 2), 'stretch': (0.9, 1.1)}",32,0.7255813953488373,0.6936936936936937,0.7549019607843137,0.7230046948356808
20,2.0,2.0,"{'noise': (0.005, 0.02), 'pitch': (-3, 3), 'stretch': (0.85, 1.15)}",8,0.7813953488372093,0.7669902912621359,0.7745098039215687,0.7707317073170732
20,2.0,2.0,"{'noise': (0.005, 0.02), 'pitch': (-3, 3), 'stretch': (0.85, 1.15)}",16,0.7395348837209302,0.7211538461538461,0.7352941176470589,0.7281553398058253
20,2.0,2.0,"{'noise': (0.005, 0.02), 'pitch': (-3, 3), 'stretch': (0.85, 1.15)}",32,0.7488372093023256,0.7307692307692307,0.7450980392156863,0.7378640776699029
20,2.0,2.0,None,8,0.8604651162790697,0.8673469387755102,0.8333333333333334,0.85
20,2.0,2.0,None,16,0.827906976744186,0.7981651376146789,0.8529411764705882,0.8246445497630331
20,2.0,2.0,None,32,0.8232558139534883,0.8018867924528302,0.8333333333333334,0.8173076923076923
20,3.0,1.0,"{'noise': (0.001, 0.01), 'pitch': (-1, 1), 'stretch': (0.95, 1.05)}",8,0.8042328042328042,0.751219512195122,0.8700564971751412,0.806282722513089
20,3.0,1.0,"{'noise': (0.001, 0.01), 'pitch': (-1, 1), 'stretch': (0.95, 1.05)}",16,0.8042328042328042,0.7845303867403315,0.8022598870056498,0.7932960893854749
20,3.0,1.0,"{'noise': (0.001, 0.01), 'pitch': (-1, 1), 'stretch': (0.95, 1.05)}",32,0.8227513227513228,0.7956989247311828,0.8361581920903954,0.8154269972451791
20,3.0,1.0,"{'noise': (0.001, 0.015), 'pitch': (-2, 2), 'stretch': (0.9, 1.1)}",8,0.753968253968254,0.7333333333333333,0.7457627118644068,0.7394957983193278
20,3.0,1.0,"{'noise': (0.001, 0.015), 'pitch': (-2, 2), 'stretch': (0.9, 1.1)}",16,0.7513227513227513,0.726775956284153,0.751412429378531,0.7388888888888889
20,3.0,1.0,"{'noise': (0.001, 0.015), 'pitch': (-2, 2), 'stretch': (0.9, 1.1)}",32,0.783068783068783,0.7653631284916201,0.7740112994350282,0.7696629213483146
20,3.0,1.0,"{'noise': (0.005, 0.02), 'pitch': (-3, 3), 'stretch': (0.85, 1.15)}",8,0.7142857142857143,0.6825396825396826,0.7288135593220338,0.7049180327868853
20,3.0,1.0,"{'noise': (0.005, 0.02), 'pitch': (-3, 3), 'stretch': (0.85, 1.15)}",16,0.7671957671957672,0.7572254335260116,0.7401129943502824,0.7485714285714286
20,3.0,1.0,"{'noise': (0.005, 0.02), 'pitch': (-3, 3), 'stretch': (0.85, 1.15)}",32,0.746031746031746,0.7076923076923077,0.7796610169491526,0.7419354838709677
20,3.0,1.0,None,8,0.8571428571428571,0.8186528497409327,0.8926553672316384,0.8540540540540541
20,3.0,1.0,None,16,0.873015873015873,0.8524590163934426,0.8813559322033898,0.8666666666666667
20,3.0,1.0,None,32,0.8544973544973545,0.824468085106383,0.8757062146892656,0.8493150684931506
20,3.0,1.5,"{'noise': (0.001, 0.01), 'pitch': (-1, 1), 'stretch': (0.95, 1.05)}",8,0.7258687258687259,0.7339449541284404,0.6557377049180327,0.6926406926406926
20,3.0,1.5,"{'noise': (0.001, 0.01), 'pitch': (-1, 1), 'stretch': (0.95, 1.05)}",16,0.7683397683397684,0.7767857142857143,0.7131147540983607,0.7435897435897436
20,3.0,1.5,"{'noise': (0.001, 0.01), 'pitch': (-1, 1), 'stretch': (0.95, 1.05)}",32,0.7799227799227799,0.7876106194690266,0.7295081967213115,0.7574468085106383
20,3.0,1.5,"{'noise': (0.001, 0.015), 'pitch': (-2, 2), 'stretch': (0.9, 1.1)}",8,0.7722007722007722,0.752,0.7704918032786885,0.7611336032388664
20,3.0,1.5,"{'noise': (0.001, 0.015), 'pitch': (-2, 2), 'stretch': (0.9, 1.1)}",16,0.7451737451737451,0.7456140350877193,0.6967213114754098,0.7203389830508474
20,3.0,1.5,"{'noise': (0.001, 0.015), 'pitch': (-2, 2), 'stretch': (0.9, 1.1)}",32,0.7606177606177607,0.7419354838709677,0.7540983606557377,0.7479674796747967
20,3.0,1.5,"{'noise': (0.005, 0.02), 'pitch': (-3, 3), 'stretch': (0.85, 1.15)}",8,0.6718146718146718,0.6412213740458015,0.6885245901639344,0.6640316205533597
20,3.0,1.5,"{'noise': (0.005, 0.02), 'pitch': (-3, 3), 'stretch': (0.85, 1.15)}",16,0.7181467181467182,0.689922480620155,0.7295081967213115,0.7091633466135459
20,3.0,1.5,"{'noise': (0.005, 0.02), 'pitch': (-3, 3), 'stretch': (0.85, 1.15)}",32,0.7027027027027027,0.6717557251908397,0.7213114754098361,0.6956521739130435
20,3.0,1.5,None,8,0.8262548262548263,0.8181818181818182,0.8114754098360656,0.8148148148148148
20,3.0,1.5,None,16,0.8571428571428571,0.8244274809160306,0.8852459016393442,0.8537549407114624
20,3.0,1.5,None,32,0.8571428571428571,0.8695652173913043,0.819672131147541,0.8438818565400844
20,3.0,2.0,"{'noise': (0.001, 0.01), 'pitch': (-1, 1), 'stretch': (0.95, 1.05)}",8,0.7661691542288557,0.74,0.7789473684210526,0.7589743589743589
20,3.0,2.0,"{'noise': (0.001, 0.01), 'pitch': (-1, 1), 'stretch': (0.95, 1.05)}",16,0.7960199004975125,0.7596153846153846,0.8315789473684211,0.7939698492462312
20,3.0,2.0,"{'noise': (0.001, 0.01), 'pitch': (-1, 1), 'stretch': (0.95, 1.05)}",32,0.7910447761194029,0.7676767676767676,0.8,0.7835051546391752
20,3.0,2.0,"{'noise': (0.001, 0.015), 'pitch': (-2, 2), 'stretch': (0.9, 1.1)}",8,0.7014925373134329,0.6767676767676768,0.7052631578947368,0.6907216494845361
20,3.0,2.0,"{'noise': (0.001, 0.015), 'pitch': (-2, 2), 'stretch': (0.9, 1.1)}",16,0.7064676616915423,0.6764705882352942,0.7263157894736842,0.700507614213198
20,3.0,2.0,"{'noise': (0.001, 0.015), 'pitch': (-2, 2), 'stretch': (0.9, 1.1)}",32,0.746268656716418,0.7619047619047619,0.6736842105263158,0.7150837988826816
20,3.0,2.0,"{'noise': (0.005, 0.02), 'pitch': (-3, 3), 'stretch': (0.85, 1.15)}",8,0.6218905472636815,0.5959595959595959,0.6210526315789474,0.6082474226804123
20,3.0,2.0,"{'noise': (0.005, 0.02), 'pitch': (-3, 3), 'stretch': (0.85, 1.15)}",16,0.6318407960199005,0.5963302752293578,0.6842105263157895,0.6372549019607843
20,3.0,2.0,"{'noise': (0.005, 0.02), 'pitch': (-3, 3), 'stretch': (0.85, 1.15)}",32,0.6616915422885572,0.6363636363636364,0.6631578947368421,0.6494845360824743
20,3.0,2.0,None,8,0.8159203980099502,0.8085106382978723,0.8,0.8042328042328042
20,3.0,2.0,None,16,0.845771144278607,0.8478260869565217,0.8210526315789474,0.8342245989304813
20,3.0,2.0,None,32,0.8059701492537313,0.7978723404255319,0.7894736842105263,0.7936507936507936
20,4.0,1.0,"{'noise': (0.001, 0.01), 'pitch': (-1, 1), 'stretch': (0.95, 1.05)}",8,0.8068181818181818,0.7740112994350282,0.8303030303030303,0.8011695906432749
20,4.0,1.0,"{'noise': (0.001, 0.01), 'pitch': (-1, 1), 'stretch': (0.95, 1.05)}",16,0.7926136363636364,0.7346938775510204,0.8727272727272727,0.7977839335180056
20,4.0,1.0,"{'noise': (0.001, 0.01), 'pitch': (-1, 1), 'stretch': (0.95, 1.05)}",32,0.7443181818181818,0.7027027027027027,0.7878787878787878,0.7428571428571429
20,4.0,1.0,"{'noise': (0.001, 0.015), 'pitch': (-2, 2), 'stretch': (0.9, 1.1)}",8,0.7613636363636364,0.7165775401069518,0.8121212121212121,0.7613636363636364
20,4.0,1.0,"{'noise': (0.001, 0.015), 'pitch': (-2, 2), 'stretch': (0.9, 1.1)}",16,0.7585227272727273,0.702020202020202,0.8424242424242424,0.7658402203856749
20,4.0,1.0,"{'noise': (0.001, 0.015), 'pitch': (-2, 2), 'stretch': (0.9, 1.1)}",32,0.7585227272727273,0.7150537634408602,0.806060606060606,0.7578347578347578
20,4.0,1.0,"{'noise': (0.005, 0.02), 'pitch': (-3, 3), 'stretch': (0.85, 1.15)}",8,0.6931818181818182,0.6524064171122995,0.7393939393939394,0.6931818181818182
20,4.0,1.0,"{'noise': (0.005, 0.02), 'pitch': (-3, 3), 'stretch': (0.85, 1.15)}",16,0.7272727272727273,0.6994219653179191,0.7333333333333333,0.7159763313609467
20,4.0,1.0,"{'noise': (0.005, 0.02), 'pitch': (-3, 3), 'stretch': (0.85, 1.15)}",32,0.7272727272727273,0.6864864864864865,0.7696969696969697,0.7257142857142858
20,4.0,1.0,None,8,0.8778409090909091,0.8351648351648352,0.9212121212121213,0.8760806916426513
20,4.0,1.0,None,16,0.8522727272727273,0.798941798941799,0.9151515151515152,0.8531073446327684
20,4.0,1.0,None,32,0.8551136363636364,0.7908163265306123,0.9393939393939394,0.8587257617728532
20,4.0,1.5,"{'noise': (0.001, 0.01), 'pitch': (-1, 1), 'stretch': (0.95, 1.05)}",8,0.7581967213114754,0.7372881355932204,0.7565217391304347,0.7467811158798283
20,4.0,1.5,"{'noise': (0.001, 0.01), 'pitch': (-1, 1), 'stretch': (0.95, 1.05)}",16,0.8114754098360656,0.7851239669421488,0.8260869565217391,0.8050847457627118
20,4.0,1.5,"{'noise': (0.001, 0.01), 'pitch': (-1, 1), 'stretch': (0.95, 1.05)}",32,0.7745901639344263,0.7678571428571429,0.7478260869565218,0.7577092511013216
20,4.0,1.5,"{'noise': (0.001, 0.015), 'pitch': (-2, 2), 'stretch': (0.9, 1.1)}",8,0.7049180327868853,0.6616541353383458,0.7652173913043478,0.7096774193548387
20,4.0,1.5,"{'noise': (0.001, 0.015), 'pitch': (-2, 2), 'stretch': (0.9, 1.1)}",16,0.7540983606557377,0.7099236641221374,0.808695652173913,0.7560975609756098
20,4.0,1.5,"{'noise': (0.001, 0.015), 'pitch': (-2, 2), 'stretch': (0.9, 1.1)}",32,0.7377049180327869,0.6976744186046512,0.782608695652174,0.7377049180327869
20,4.0,1.5,"{'noise': (0.005, 0.02), 'pitch': (-3, 3), 'stretch': (0.85, 1.15)}",8,0.680327868852459,0.635036496350365,0.7565217391304347,0.6904761904761905
20,4.0,1.5,"{'noise': (0.005, 0.02), 'pitch': (-3, 3), 'stretch': (0.85, 1.15)}",16,0.7377049180327869,0.7007874015748031,0.7739130434782608,0.7355371900826446
20,4.0,1.5,"{'noise': (0.005, 0.02), 'pitch': (-3, 3), 'stretch': (0.85, 1.15)}",32,0.7254098360655737,0.7181818181818181,0.6869565217391305,0.7022222222222222
20,4.0,1.5,None,8,0.8032786885245902,0.7445255474452555,0.8869565217391304,0.8095238095238095
20,4.0,1.5,None,16,0.8319672131147541,0.7936507936507936,0.8695652173913043,0.8298755186721992
20,4.0,1.5,None,32,0.819672131147541,0.7669172932330827,0.8869565217391304,0.8225806451612904
20,4.0,2.0,"{'noise': (0.001, 0.01), 'pitch': (-1, 1), 'stretch': (0.95, 1.05)}",8,0.7606382978723404,0.7391304347826086,0.7640449438202247,0.7513812154696132
20,4.0,2.0,"{'noise': (0.001, 0.01), 'pitch': (-1, 1), 'stretch': (0.95, 1.05)}",16,0.723404255319149,0.6868686868686869,0.7640449438202247,0.723404255319149
20,4.0,2.0,"{'noise': (0.001, 0.01), 'pitch': (-1, 1), 'stretch': (0.95, 1.05)}",32,0.7393617021276596,0.7,0.7865168539325843,0.7407407407407407
20,4.0,2.0,"{'noise': (0.001, 0.015), 'pitch': (-2, 2), 'stretch': (0.9, 1.1)}",8,0.7180851063829787,0.6956521739130435,0.7191011235955056,0.7071823204419889
20,4.0,2.0,"{'noise': (0.001, 0.015), 'pitch': (-2, 2), 'stretch': (0.9, 1.1)}",16,0.7446808510638298,0.735632183908046,0.7191011235955056,0.7272727272727273
20,4.0,2.0,"{'noise': (0.001, 0.015), 'pitch': (-2, 2), 'stretch': (0.9, 1.1)}",32,0.7446808510638298,0.7469879518072289,0.6966292134831461,0.7209302325581395
20,4.0,2.0,"{'noise': (0.005, 0.02), 'pitch': (-3, 3), 'stretch': (0.85, 1.15)}",8,0.7127659574468085,0.7160493827160493,0.651685393258427,0.6823529411764706
20,4.0,2.0,"{'noise': (0.005, 0.02), 'pitch': (-3, 3), 'stretch': (0.85, 1.15)}",16,0.7446808510638298,0.7070707070707071,0.7865168539325843,0.7446808510638298
20,4.0,2.0,"{'noise': (0.005, 0.02), 'pitch': (-3, 3), 'stretch': (0.85, 1.15)}",32,0.7287234042553191,0.7375,0.6629213483146067,0.6982248520710059
20,4.0,2.0,None,8,0.8085106382978723,0.8271604938271605,0.7528089887640449,0.788235294117647
20,4.0,2.0,None,16,0.8191489361702128,0.8481012658227848,0.7528089887640449,0.7976190476190477
20,4.0,2.0,None,32,0.7872340425531915,0.7752808988764045,0.7752808988764045,0.7752808988764045
40,2.0,1.0,"{'noise': (0.001, 0.01), 'pitch': (-1, 1), 'stretch': (0.95, 1.05)}",8,0.8078817733990148,0.7810945273631841,0.8219895287958116,0.8010204081632653
40,2.0,1.0,"{'noise': (0.001, 0.01), 'pitch': (-1, 1), 'stretch': (0.95, 1.05)}",16,0.8103448275862069,0.7567567567567568,0.8795811518324608,0.8135593220338984
40,2.0,1.0,"{'noise': (0.001, 0.01), 'pitch': (-1, 1), 'stretch': (0.95, 1.05)}",32,0.8423645320197044,0.839572192513369,0.8219895287958116,0.8306878306878307
40,2.0,1.0,"{'noise': (0.001, 0.015), 'pitch': (-2, 2), 'stretch': (0.9, 1.1)}",8,0.8103448275862069,0.7688679245283019,0.8534031413612565,0.8089330024813896
40,2.0,1.0,"{'noise': (0.001, 0.015), 'pitch': (-2, 2), 'stretch': (0.9, 1.1)}",16,0.8054187192118226,0.7947368421052632,0.7905759162303665,0.7926509186351706
40,2.0,1.0,"{'noise': (0.001, 0.015), 'pitch': (-2, 2), 'stretch': (0.9, 1.1)}",32,0.7832512315270936,0.8011695906432749,0.7172774869109948,0.7569060773480663
40,2.0,1.0,"{'noise': (0.005, 0.02), 'pitch': (-3, 3), 'stretch': (0.85, 1.15)}",8,0.7487684729064039,0.7069767441860465,0.7958115183246073,0.7487684729064039
40,2.0,1.0,"{'noise': (0.005, 0.02), 'pitch': (-3, 3), 'stretch': (0.85, 1.15)}",16,0.7931034482758621,0.7891891891891892,0.7643979057591623,0.776595744680851
40,2.0,1.0,"{'noise': (0.005, 0.02), 'pitch': (-3, 3), 'stretch': (0.85, 1.15)}",32,0.770935960591133,0.7552083333333334,0.7591623036649214,0.7571801566579635
40,2.0,1.0,None,8,0.8596059113300493,0.8316831683168316,0.8795811518324608,0.8549618320610687
40,2.0,1.0,None,16,0.8916256157635468,0.8730964467005076,0.900523560209424,0.8865979381443299
40,2.0,1.0,None,32,0.8694581280788177,0.8791208791208791,0.837696335078534,0.8579088471849866
40,2.0,1.5,"{'noise': (0.001, 0.01), 'pitch': (-1, 1), 'stretch': (0.95, 1.05)}",8,0.7517985611510791,0.7123287671232876,0.7938931297709924,0.7509025270758123
40,2.0,1.5,"{'noise': (0.001, 0.01), 'pitch': (-1, 1), 'stretch': (0.95, 1.05)}",16,0.7086330935251799,0.676056338028169,0.732824427480916,0.7032967032967034
40,2.0,1.5,"{'noise': (0.001, 0.01), 'pitch': (-1, 1), 'stretch': (0.95, 1.05)}",32,0.7266187050359713,0.697841726618705,0.7404580152671756,0.7185185185185186
40,2.0,1.5,"{'noise': (0.001, 0.015), 'pitch': (-2, 2), 'stretch': (0.9, 1.1)}",8,0.6762589928057554,0.6589147286821705,0.648854961832061,0.6538461538461539
40,2.0,1.5,"{'noise': (0.001, 0.015), 'pitch': (-2, 2), 'stretch': (0.9, 1.1)}",16,0.7194244604316546,0.7086614173228346,0.6870229007633588,0.6976744186046512
40,2.0,1.5,"{'noise': (0.001, 0.015), 'pitch': (-2, 2), 'stretch': (0.9, 1.1)}",32,0.7338129496402878,0.7394957983193278,0.6717557251908397,0.704
40,2.0,1.5,"{'noise': (0.005, 0.02), 'pitch': (-3, 3), 'stretch': (0.85, 1.15)}",8,0.6870503597122302,0.671875,0.6564885496183206,0.6640926640926641
40,2.0,1.5,"{'noise': (0.005, 0.02), 'pitch': (-3, 3), 'stretch': (0.85, 1.15)}",16,0.7410071942446043,0.743801652892562,0.6870229007633588,0.7142857142857143
40,2.0,1.5,"{'noise': (0.005, 0.02), 'pitch': (-3, 3), 'stretch': (0.85, 1.15)}",32,0.7086330935251799,0.711864406779661,0.6412213740458015,0.6746987951807228
40,2.0,1.5,None,8,0.7805755395683454,0.7734375,0.7557251908396947,0.7644787644787645
40,2.0,1.5,None,16,0.8597122302158273,0.8538461538461538,0.8473282442748091,0.8505747126436781
40,2.0,1.5,None,32,0.7769784172661871,0.7633587786259542,0.7633587786259542,0.7633587786259542
40,2.0,2.0,"{'noise': (0.001, 0.01), 'pitch': (-1, 1), 'stretch': (0.95, 1.05)}",8,0.8046511627906977,0.8061224489795918,0.7745098039215687,0.79
40,2.0,2.0,"{'noise': (0.001, 0.01), 'pitch': (-1, 1), 'stretch': (0.95, 1.05)}",16,0.7069767441860465,0.6857142857142857,0.7058823529411765,0.6956521739130435
40,2.0,2.0,"{'noise': (0.001, 0.01), 'pitch': (-1, 1), 'stretch': (0.95, 1.05)}",32,0.7953488372093023,0.79,0.7745098039215687,0.7821782178217822
40,2.0,2.0,"{'noise': (0.001, 0.015), 'pitch': (-2, 2), 'stretch': (0.9, 1.1)}",8,0.8,0.8172043010752689,0.7450980392156863,0.7794871794871795
40,2.0,2.0,"{'noise': (0.001, 0.015), 'pitch': (-2, 2), 'stretch': (0.9, 1.1)}",16,0.8046511627906977,0.8,0.7843137254901961,0.7920792079207921
40,2.0,2.0,"{'noise': (0.001, 0.015), 'pitch': (-2, 2), 'stretch': (0.9, 1.1)}",32,0.8186046511627907,0.8461538461538461,0.7549019607843137,0.7979274611398963
40,2.0,2.0,"{'noise': (0.005, 0.02), 'pitch': (-3, 3), 'stretch': (0.85, 1.15)}",8,0.6511627906976745,0.6363636363636364,0.6176470588235294,0.6268656716417911
40,2.0,2.0,"{'noise': (0.005, 0.02), 'pitch': (-3, 3), 'stretch': (0.85, 1.15)}",16,0.7116279069767442,0.6886792452830188,0.7156862745098039,0.7019230769230769
40,2.0,2.0,"{'noise': (0.005, 0.02), 'pitch': (-3, 3), 'stretch': (0.85, 1.15)}",32,0.7116279069767442,0.7040816326530612,0.6764705882352942,0.69
40,2.0,2.0,None,8,0.8558139534883721,0.8034188034188035,0.9215686274509803,0.8584474885844748
40,2.0,2.0,None,16,0.8465116279069768,0.8053097345132744,0.8921568627450981,0.8465116279069768
40,2.0,2.0,None,32,0.8465116279069768,0.8053097345132744,0.8921568627450981,0.8465116279069768
40,3.0,1.0,"{'noise': (0.001, 0.01), 'pitch': (-1, 1), 'stretch': (0.95, 1.05)}",8,0.8333333333333334,0.785,0.8870056497175142,0.8328912466843501
40,3.0,1.0,"{'noise': (0.001, 0.01), 'pitch': (-1, 1), 'stretch': (0.95, 1.05)}",16,0.8201058201058201,0.7853403141361257,0.847457627118644,0.8152173913043478
40,3.0,1.0,"{'noise': (0.001, 0.01), 'pitch': (-1, 1), 'stretch': (0.95, 1.05)}",32,0.8068783068783069,0.8291139240506329,0.7401129943502824,0.7820895522388059
40,3.0,1.0,"{'noise': (0.001, 0.015), 'pitch': (-2, 2), 'stretch': (0.9, 1.1)}",8,0.8015873015873016,0.7931034482758621,0.7796610169491526,0.7863247863247863
40,3.0,1.0,"{'noise': (0.001, 0.015), 'pitch': (-2, 2), 'stretch': (0.9, 1.1)}",16,0.8174603174603174,0.7934782608695652,0.8248587570621468,0.8088642659279779
40,3.0,1.0,"{'noise': (0.001, 0.015), 'pitch': (-2, 2), 'stretch': (0.9, 1.1)}",32,0.8015873015873016,0.7712765957446809,0.8192090395480226,0.7945205479452054
40,3.0,1.0,"{'noise': (0.005, 0.02), 'pitch': (-3, 3), 'stretch': (0.85, 1.15)}",8,0.7619047619047619,0.7301587301587301,0.7796610169491526,0.7540983606557377
40,3.0,1.0,"{'noise': (0.005, 0.02), 'pitch': (-3, 3), 'stretch': (0.85, 1.15)}",16,0.7936507936507936,0.7704918032786885,0.7966101694915254,0.7833333333333333
40,3.0,1.0,"{'noise': (0.005, 0.02), 'pitch': (-3, 3), 'stretch': (0.85, 1.15)}",32,0.791005291005291,0.80625,0.7288135593220338,0.7655786350148368
40,3.0,1.0,None,8,0.8756613756613757,0.8385416666666666,0.9096045197740112,0.8726287262872628
40,3.0,1.0,None,16,0.8862433862433863,0.8563829787234043,0.9096045197740112,0.8821917808219178
40,3.0,1.0,None,32,0.8756613756613757,0.8693181818181818,0.864406779661017,0.8668555240793201
40,3.0,1.5,"{'noise': (0.001, 0.01), 'pitch': (-1, 1), 'stretch': (0.95, 1.05)}",8,0.7644787644787645,0.744,0.7622950819672131,0.7530364372469636
40,3.0,1.5,"{'noise': (0.001, 0.01), 'pitch': (-1, 1), 'stretch': (0.95, 1.05)}",16,0.7915057915057915,0.753731343283582,0.8278688524590164,0.7890625
40,3.0,1.5,"{'noise': (0.001, 0.01), 'pitch': (-1, 1), 'stretch': (0.95, 1.05)}",32,0.7644787644787645,0.7699115044247787,0.7131147540983607,0.7404255319148936
40,3.0,1.5,"{'noise': (0.001, 0.015), 'pitch': (-2, 2), 'stretch': (0.9, 1.1)}",8,0.7335907335907336,0.71900826446281,0.7131147540983607,0.7160493827160493
40,3.0,1.5,"{'noise': (0.001, 0.015), 'pitch': (-2, 2), 'stretch': (0.9, 1.1)}",16,0.7567567567567568,0.743801652892562,0.7377049180327869,0.7407407407407407
40,3.0,1.5,"{'noise': (0.001, 0.015), 'pitch': (-2, 2), 'stretch': (0.9, 1.1)}",32,0.7335907335907336,0.7264957264957265,0.6967213114754098,0.7112970711297071
40,3.0,1.5,"{'noise': (0.005, 0.02), 'pitch': (-3, 3), 'stretch': (0.85, 1.15)}",8,0.7142857142857143,0.7,0.6885245901639344,0.6942148760330579
40,3.0,1.5,"{'noise': (0.005, 0.02), 'pitch': (-3, 3), 'stretch': (0.85, 1.15)}",16,0.7181467181467182,0.6762589928057554,0.7704918032786885,0.7203065134099617
40,3.0,1.5,"{'noise': (0.005, 0.02), 'pitch': (-3, 3), 'stretch': (0.85, 1.15)}",32,0.7104247104247104,0.6942148760330579,0.6885245901639344,0.691358024691358
40,3.0,1.5,None,8,0.8146718146718147,0.7720588235294118,0.860655737704918,0.813953488372093
40,3.0,1.5,None,16,0.8185328185328186,0.7819548872180451,0.8524590163934426,0.8156862745098039
40,3.0,1.5,None,32,0.7837837837837838,0.7578125,0.7950819672131147,0.776
40,3.0,2.0,"{'noise': (0.001, 0.01), 'pitch': (-1, 1), 'stretch': (0.95, 1.05)}",8,0.7711442786069652,0.7333333333333333,0.8105263157894737,0.77
40,3.0,2.0,"{'noise': (0.001, 0.01), 'pitch': (-1, 1), 'stretch': (0.95, 1.05)}",16,0.7910447761194029,0.797752808988764,0.7473684210526316,0.7717391304347826
40,3.0,2.0,"{'noise': (0.001, 0.01), 'pitch': (-1, 1), 'stretch': (0.95, 1.05)}",32,0.7761194029850746,0.8048780487804879,0.6947368421052632,0.7457627118644068
40,3.0,2.0,"{'noise': (0.001, 0.015), 'pitch': (-2, 2), 'stretch': (0.9, 1.1)}",8,0.7661691542288557,0.7352941176470589,0.7894736842105263,0.7614213197969543
40,3.0,2.0,"{'noise': (0.001, 0.015), 'pitch': (-2, 2), 'stretch': (0.9, 1.1)}",16,0.7860696517412935,0.8023255813953488,0.7263157894736842,0.7624309392265194
40,3.0,2.0,"{'noise': (0.001, 0.015), 'pitch': (-2, 2), 'stretch': (0.9, 1.1)}",32,0.7263681592039801,0.7325581395348837,0.6631578947368421,0.6961325966850829
40,3.0,2.0,"{'noise': (0.005, 0.02), 'pitch': (-3, 3), 'stretch': (0.85, 1.15)}",8,0.6666666666666666,0.6458333333333334,0.6526315789473685,0.6492146596858639
40,3.0,2.0,"{'noise': (0.005, 0.02), 'pitch': (-3, 3), 'stretch': (0.85, 1.15)}",16,0.736318407960199,0.7763157894736842,0.6210526315789474,0.6900584795321637
40,3.0,2.0,"{'noise': (0.005, 0.02), 'pitch': (-3, 3), 'stretch': (0.85, 1.15)}",32,0.7412935323383084,0.7471264367816092,0.6842105263157895,0.7142857142857143
40,3.0,2.0,None,8,0.8059701492537313,0.8111111111111111,0.7684210526315789,0.7891891891891892
40,3.0,2.0,None,16,0.8059701492537313,0.8414634146341463,0.7263157894736842,0.7796610169491526
40,3.0,2.0,None,32,0.7860696517412935,0.76,0.8,0.7794871794871795
40,4.0,1.0,"{'noise': (0.001, 0.01), 'pitch': (-1, 1), 'stretch': (0.95, 1.05)}",8,0.7755681818181818,0.7443181818181818,0.793939393939394,0.7683284457478006
40,4.0,1.0,"{'noise': (0.001, 0.01), 'pitch': (-1, 1), 'stretch': (0.95, 1.05)}",16,0.8181818181818182,0.8258064516129032,0.7757575757575758,0.8
40,4.0,1.0,"{'noise': (0.001, 0.01), 'pitch': (-1, 1), 'stretch': (0.95, 1.05)}",32,0.7698863636363636,0.7413793103448276,0.7818181818181819,0.7610619469026548
40,4.0,1.0,"{'noise': (0.001, 0.015), 'pitch': (-2, 2), 'stretch': (0.9, 1.1)}",8,0.7073863636363636,0.6845238095238095,0.696969696969697,0.6906906906906907
40,4.0,1.0,"{'noise': (0.001, 0.015), 'pitch': (-2, 2), 'stretch': (0.9, 1.1)}",16,0.7727272727272727,0.7544910179640718,0.7636363636363637,0.7590361445783133
40,4.0,1.0,"{'noise': (0.001, 0.015), 'pitch': (-2, 2), 'stretch': (0.9, 1.1)}",32,0.7414772727272727,0.7371794871794872,0.696969696969697,0.7165109034267912
40,4.0,1.0,"{'noise': (0.005, 0.02), 'pitch': (-3, 3), 'stretch': (0.85, 1.15)}",8,0.7471590909090909,0.7183908045977011,0.7575757575757576,0.7374631268436578
40,4.0,1.0,"{'noise': (0.005, 0.02), 'pitch': (-3, 3), 'stretch': (0.85, 1.15)}",16,0.7556818181818182,0.7283236994219653,0.7636363636363637,0.7455621301775148
40,4.0,1.0,"{'noise': (0.005, 0.02), 'pitch': (-3, 3), 'stretch': (0.85, 1.15)}",32,0.7272727272727273,0.7065868263473054,0.7151515151515152,0.7108433734939759
40,4.0,1.0,None,8,0.90625,0.875,0.9333333333333333,0.9032258064516129
40,4.0,1.0,None,16,0.8835227272727273,0.848314606741573,0.9151515151515152,0.880466472303207
40,4.0,1.0,None,32,0.875,0.8342541436464088,0.9151515151515152,0.8728323699421965
40,4.0,1.5,"{'noise': (0.001, 0.01), 'pitch': (-1, 1), 'stretch': (0.95, 1.05)}",8,0.8032786885245902,0.819047619047619,0.7478260869565218,0.7818181818181819
40,4.0,1.5,"{'noise': (0.001, 0.01), 'pitch': (-1, 1), 'stretch': (0.95, 1.05)}",16,0.7459016393442623,0.7431192660550459,0.7043478260869566,0.7232142857142857
40,4.0,1.5,"{'noise': (0.001, 0.01), 'pitch': (-1, 1), 'stretch': (0.95, 1.05)}",32,0.7827868852459017,0.7767857142857143,0.7565217391304347,0.7665198237885462
40,4.0,1.5,"{'noise': (0.001, 0.015), 'pitch': (-2, 2), 'stretch': (0.9, 1.1)}",8,0.7049180327868853,0.6776859504132231,0.7130434782608696,0.6949152542372882
40,4.0,1.5,"{'noise': (0.001, 0.015), 'pitch': (-2, 2), 'stretch': (0.9, 1.1)}",16,0.75,0.7327586206896551,0.7391304347826086,0.7359307359307359
40,4.0,1.5,"{'noise': (0.001, 0.015), 'pitch': (-2, 2), 'stretch': (0.9, 1.1)}",32,0.7868852459016393,0.7787610619469026,0.7652173913043478,0.7719298245614035
40,4.0,1.5,"{'noise': (0.005, 0.02), 'pitch': (-3, 3), 'stretch': (0.85, 1.15)}",8,0.7377049180327869,0.6888888888888889,0.808695652173913,0.744
40,4.0,1.5,"{'noise': (0.005, 0.02), 'pitch': (-3, 3), 'stretch': (0.85, 1.15)}",16,0.7540983606557377,0.7272727272727273,0.7652173913043478,0.7457627118644068
40,4.0,1.5,"{'noise': (0.005, 0.02), 'pitch': (-3, 3), 'stretch': (0.85, 1.15)}",32,0.6967213114754098,0.6814159292035398,0.6695652173913044,0.6754385964912281
40,4.0,1.5,None,8,0.8360655737704918,0.7777777777777778,0.9130434782608695,0.84
40,4.0,1.5,None,16,0.8278688524590164,0.7967479674796748,0.8521739130434782,0.8235294117647058
40,4.0,1.5,None,32,0.8155737704918032,0.782258064516129,0.8434782608695652,0.8117154811715481
40,4.0,2.0,"{'noise': (0.001, 0.01), 'pitch': (-1, 1), 'stretch': (0.95, 1.05)}",8,0.7446808510638298,0.7469879518072289,0.6966292134831461,0.7209302325581395
40,4.0,2.0,"{'noise': (0.001, 0.01), 'pitch': (-1, 1), 'stretch': (0.95, 1.05)}",16,0.7287234042553191,0.7159090909090909,0.7078651685393258,0.711864406779661
40,4.0,2.0,"{'noise': (0.001, 0.01), 'pitch': (-1, 1), 'stretch': (0.95, 1.05)}",32,0.75,0.7692307692307693,0.6741573033707865,0.718562874251497
40,4.0,2.0,"{'noise': (0.001, 0.015), 'pitch': (-2, 2), 'stretch': (0.9, 1.1)}",8,0.6968085106382979,0.7105263157894737,0.6067415730337079,0.6545454545454545
40,4.0,2.0,"{'noise': (0.001, 0.015), 'pitch': (-2, 2), 'stretch': (0.9, 1.1)}",16,0.7393617021276596,0.7702702702702703,0.6404494382022472,0.6993865030674846
40,4.0,2.0,"{'noise': (0.001, 0.015), 'pitch': (-2, 2), 'stretch': (0.9, 1.1)}",32,0.7074468085106383,0.7073170731707317,0.651685393258427,0.6783625730994152
40,4.0,2.0,"{'noise': (0.005, 0.02), 'pitch': (-3, 3), 'stretch': (0.85, 1.15)}",8,0.6861702127659575,0.6875,0.6179775280898876,0.650887573964497
40,4.0,2.0,"{'noise': (0.005, 0.02), 'pitch': (-3, 3), 'stretch': (0.85, 1.15)}",16,0.6436170212765957,0.6341463414634146,0.5842696629213483,0.6081871345029239
40,4.0,2.0,"{'noise': (0.005, 0.02), 'pitch': (-3, 3), 'stretch': (0.85, 1.15)}",32,0.6808510638297872,0.6593406593406593,0.6741573033707865,0.6666666666666666
40,4.0,2.0,None,8,0.7978723404255319,0.7628865979381443,0.8314606741573034,0.7956989247311828
40,4.0,2.0,None,16,0.8191489361702128,0.7956989247311828,0.8314606741573034,0.8131868131868132
40,4.0,2.0,None,32,0.8138297872340425,0.78125,0.8426966292134831,0.8108108108108109
